{
    "mse_drift": -0.16666666666666666,
    "accuracy_drift": -0.03148148148148151,
    "precision_drift": -0.04596560846560844,
    "timestamp": "2025-05-15T14:54:52.205362"
}