{
    "mse": 0.1,
    "accuracy": 0.9,
    "precision": 0.8260869565217391,
    "timestamp": "2025-05-15T14:54:55.605762"
}