{
    "mse_drift": -0.16666666666666666,
    "accuracy_drift": 0.013071895424836605,
    "precision_drift": 0.10582010582010583,
    "timestamp": "2025-05-15T14:54:35.818775"
}