{
    "mse": 0.36363636363636365,
    "accuracy": 0.9090909090909091,
    "precision": 0.5,
    "timestamp": "2025-05-15T14:54:43.675772"
}