{
    "mse_drift": 0.5632679506038655,
    "accuracy_drift": 0.08210784313725489,
    "precision_drift": 0.19957511624178292,
    "timestamp": "2025-05-15T14:45:15.199354"
}