{
    "mse": 0.14661022816461194,
    "accuracy": 0.9,
    "precision": 0.8181818181818182,
    "timestamp": "2025-05-15_144647"
}